<?xml version="1.0" encoding="UTF-8"?>
<metadata xml:lang="en"><Esri><CreaDate>20121126</CreaDate><CreaTime>11270700</CreaTime><ArcGISFormat>1.0</ArcGISFormat><SyncOnce>TRUE</SyncOnce><DataProperties><lineage><Process ToolSource="C:\Program Files (x86)\ArcGIS\Desktop10.0\ArcToolbox\Toolboxes\Spatial Analyst Tools.tbx\Aggregate" Date="20121126" Time="112707">Aggregate F:\Historic_BCM\TransientMonthlyFiles\cwd2010feb.asc F:\Historic_BCM\TransientMonthlyFiles\Aggregated1080\cwd2010feb.tif 4 MEAN EXPAND DATA</Process><Process ToolSource="C:\Program Files (x86)\ArcGIS\Desktop10.0\ArcToolbox\Toolboxes\Data Management Tools.tbx\DefineProjection" Date="20121126" Time="112707">DefineProjection F:\Historic_BCM\TransientMonthlyFiles\Aggregated1080\cwd2010feb.tif PROJCS['NAD_1983_California_Teale_Albers',GEOGCS['GCS_North_American_1983',DATUM['D_North_American_1983',SPHEROID['GRS_1980',6378137.0,298.257222101]],PRIMEM['Greenwich',0.0],UNIT['Degree',0.0174532925199433]],PROJECTION['Albers'],PARAMETER['false_easting',0.0],PARAMETER['false_northing',-4000000.0],PARAMETER['central_meridian',-120.0],PARAMETER['standard_parallel_1',34.0],PARAMETER['standard_parallel_2',40.5],PARAMETER['latitude_of_origin',0.0],UNIT['Meter',1.0]]</Process></lineage></DataProperties></Esri></metadata>
